<Context>
  <CrewStats>
	  <CrewStat>0</CrewStat>
	  <CrewStat>1</CrewStat>
	  <CrewStat>2</CrewStat>
	  <CrewStat>3</CrewStat>
	  <CrewStat>4</CrewStat>
	  <CrewStat>5</CrewStat>
  </CrewStats>
  <CrewTypes>
    <CrewType>architect</CrewType>
    <CrewType>commander</CrewType>
    <CrewType>defencecontrol</CrewType>
    <CrewType>engineer</CrewType>
    <CrewType>manager</CrewType>
    <CrewType>marine</CrewType>
    <CrewType>pilot</CrewType>
    <CrewType>specialistagriculture</CrewType>
    <CrewType>specialistpowerstorage</CrewType>
    <CrewType>specialistfood</CrewType>
    <CrewType>specialistchemical</CrewType>
    <CrewType>specialistprecision</CrewType>
    <CrewType>specialistweapons</CrewType>
    <CrewType>specialistpharmaceuticals</CrewType>
    <CrewType>specialistmetals</CrewType>
    <CrewType>specialistgeophysics</CrewType>
    <CrewType>specialistsurfacesystems</CrewType>
    <CrewType>specialistpowersupply</CrewType>
    <CrewType>specialistaquatics</CrewType>
  </CrewTypes>
  <Wares>
    <Bulk>
      <Ware>crystals</Ware>
      <Ware>cutcrystals</Ware>
      <Ware>ice</Ware>
      <Ware>meat</Ware>
      <Ware>nividium</Ware>
      <Ware>nividiumgems</Ware>
      <Ware>ore</Ware>
      <Ware>plankton</Ware>
      <Ware>refinedmetals</Ware>
      <Ware>silicon</Ware>
      <Ware>siliconwafers</Ware>
      <Ware>soybeans</Ware>
      <Ware>spaceweed</Ware>
      <Ware>spices</Ware>
      <Ware>wheat</Ware>
    </Bulk>
    <Container>
	  <Ware>drp_assault</Ware>
	  <Ware>swarmmissile</Ware>
      <Ware>swarmturret</Ware>
      <Ware>bioelectricneurongel</Ware>
      <Ware>bioopticwiring</Ware>
      <Ware>bofu</Ware>
	  <Ware>drp_cargolifter</Ware>
      <Ware>chemicalcompounds</Ware>
      <Ware>drp_construction</Ware>
      <Ware>emspectrometer</Ware>
      <Ware>foodrations</Ware>
      <Ware>shieldgenerator</Ware>	  
      <Ware>fusionreactor</Ware>
	  <Ware>shotgunturret</Ware>
	  <Ware>machinegunturret</Ware>
      <Ware>drp_interceptor_mk1</Ware>
      <Ware>drp_interceptor_mk2</Ware>
      <Ware>drp_intrepid_mk1</Ware>
      <Ware>drp_intrepid_mk2</Ware> 
      <Ware>medicalsupplies</Ware>
      <Ware>microchips</Ware>
      <Ware>narcotics</Ware>
	  <Ware>dumbfiremissile</Ware>
	  <Ware>torpedo</Ware>
      <Ware>drp_overrun_mk1</Ware>
      <Ware>drp_overrun_mk2</Ware>	  
      <Ware>plasmaflowregulator</Ware>
      <Ware>plasmapumps</Ware>
	  <Ware>laserturret</Ware>	
      <Ware>plasmaturret</Ware>
      <Ware>holtzmanfieldgenerator</Ware>
      <Ware>quantumtubes</Ware>
      <Ware>reinforcedmetalplating</Ware>
      <Ware>scanningarray</Ware>
      <Ware>drp_scoopcollector_mk1</Ware>
      <Ware>drp_scoopcollector_mk2</Ware>
      <Ware>spacefuel</Ware>
      <Ware>drp_surfaceminer_mk1</Ware>
      <Ware>drp_surfaceminer_mk2</Ware>
	  <Ware>guidedmissile</Ware>
	  <Ware>dumbfireturret</Ware>
      <Ware>warheads</Ware>
    </Container>
    <Energy>
      <Ware>antimattercells</Ware>
      <Ware>energycells</Ware>
      <Ware>ioncells</Ware>
      <Ware>plasmacells</Ware>
    </Energy>
    <Equipment>
      <Ware>upg_pla_engine_bal_mk1</Ware>
      <Ware>upg_pla_engine_bal_mk3</Ware>
      <Ware>upg_pla_engine_bal_mk4</Ware>
      <Ware>upg_pla_engine_bal_mk5</Ware>
      <Ware>upg_pla_engine_man_mk2</Ware>
      <Ware>upg_pla_engine_man_mk3</Ware>
      <Ware>upg_pla_engine_man_mk4</Ware>
      <Ware>upg_pla_engine_man_mk5</Ware>
      <Ware>upg_pla_engine_spe_mk2</Ware>
      <Ware>upg_pla_engine_spe_mk3</Ware>
      <Ware>upg_pla_engine_spe_mk4</Ware>
      <Ware>upg_pla_engine_spe_mk5</Ware>
      <Ware>upg_pla_scanner_mk1</Ware>
      <Ware>upg_pla_scanner_mk2</Ware>
      <Ware>upg_pla_scanner_mk3</Ware>
      <Ware>upg_pla_shield_bal_mk1</Ware>
      <Ware>upg_pla_shield_bal_mk3</Ware>
      <Ware>upg_pla_shield_bal_mk4</Ware>
      <Ware>upg_pla_shield_bal_mk5</Ware>
      <Ware>upg_pla_shield_cap_mk2</Ware>
      <Ware>upg_pla_shield_cap_mk3</Ware>
      <Ware>upg_pla_shield_cap_mk4</Ware>
      <Ware>upg_pla_shield_cap_mk5</Ware>
      <Ware>upg_pla_shield_rec_mk2</Ware>
      <Ware>upg_pla_shield_rec_mk3</Ware>
      <Ware>upg_pla_shield_rec_mk4</Ware>
      <Ware>upg_pla_shield_rec_mk5</Ware>
      <Ware>upg_pla_software_tc_mk1</Ware>
      <Ware>upg_pla_weapon_ie_mk1</Ware>
      <Ware>upg_pla_weapon_ie_mk2</Ware>
      <Ware>upg_pla_weapon_mg_mk1</Ware>
      <Ware>upg_pla_weapon_mg_mk2</Ware>
      <Ware>upg_pla_weapon_ml_mk1</Ware>
      <Ware>upg_pla_weapon_ml_mk2</Ware>
      <Ware>upg_pla_weapon_pe_mk1</Ware>
      <Ware>upg_pla_weapon_pe_mk2</Ware>
      <Ware>upg_pla_weapon_sg_mk1</Ware>
      <Ware>upg_pla_weapon_sg_mk2</Ware>
    </Equipment>
    <Fuel>
      <Ware>fuelcells</Ware>
    </Fuel>
    <Inventory>
      <Ware>inv_albiontobacco</Ware>
      <Ware>inv_albionvisa</Ware>
      <Ware>inv_amphetaminesulfate</Ware>
      <Ware>inv_argondelicacypacks</Ware>
      <Ware>inv_augmentedsoil</Ware>
      <Ware>inv_blankfreightpapers</Ware>
      <Ware>inv_blankidcards</Ware>
      <Ware>inv_calciteshells</Ware>
      <Ware>inv_cartographyunits</Ware>
      <Ware>inv_chippeddiamonds</Ware>
      <Ware>inv_chocolatelacedrations</Ware>
      <Ware>inv_civilians</Ware>
      <Ware>inv_delexianale</Ware>
      <Ware>inv_enginecomponents</Ware>
      <Ware>inv_entertainmentconsoles</Ware>
      <Ware>inv_goldnuggets</Ware>
      <Ware>inv_gourmetfoodstuffs</Ware>
      <Ware>inv_hackerchips</Ware>
      <Ware>inv_hazardouswaste</Ware>
      <Ware>inv_jonkayeanswhiskey</Ware>
      <Ware>inv_jumpdrivecomponents</Ware>
      <Ware>inv_lifesupportsystems</Ware>
      <Ware>inv_medicalequipment</Ware>
      <Ware>inv_microorganisms</Ware>
      <Ware>inv_militarypersonnel</Ware>
      <Ware>inv_mineralfertilizer</Ware>
      <Ware>inv_miningequipment</Ware>
      <Ware>inv_neuronalstimulant</Ware>
      <Ware>inv_omicronvisa</Ware>
      <Ware>inv_pesticide</Ware>
      <Ware>inv_plutoniumdioxide</Ware>
      <Ware>inv_prisoners</Ware>
      <Ware>inv_psychedelicmushrooms</Ware>
      <Ware>inv_radioactivewaste</Ware>
      <Ware>inv_roughgemstones</Ware>
      <Ware>inv_scrapmetal</Ware>
      <Ware>inv_shipwreckage</Ware>
      <Ware>inv_silicateminerals</Ware>
      <Ware>inv_smallarms</Ware>
      <Ware>inv_spaceflies</Ware>
      <Ware>inv_spaceflyeggs</Ware>
      <Ware>inv_spacesuits</Ware>
      <Ware>inv_stasischambers</Ware>
      <Ware>inv_teladianiumpanelling</Ware>
      <Ware>inv_terranhightechgoods</Ware>
      <Ware>inv_terranredwine</Ware>
      <Ware>inv_unidentifiedartifacts</Ware>
      <Ware>inv_weaponinterfacechips</Ware>
      <Ware>inv_xenoncomponents</Ware>
    </Inventory>
    <Liquid>
      <Ware>hydrogen</Ware>
      <Ware>ions</Ware>
      <Ware>plasma</Ware>
      <Ware>water</Ware>
    </Liquid>
    <!--<Ware>unknown</Ware>-->
    <!--<Ware>spe_ammo_dumbfiremissile</Ware>
    <Ware>spe_ammo_guidedmissile</Ware>
    <Ware>spe_ammo_swarmmissile</Ware>
    <Ware>spe_ammo_torpedo</Ware>
    <Ware>spe_drone_demolition</Ware>
    <Ware>spe_drone_hacker</Ware>
    <Ware>spe_drone_interceptor</Ware>
    <Ware>spe_drone_scanner_mk1</Ware>
    <Ware>spe_drone_scanner_mk2</Ware>
    <Ware>spe_drone_scanner_mk3</Ware>
    <Ware>spe_drone_shieldboost</Ware>
    <Ware>spe_drone_shieldwall</Ware>
    <Ware>spe_drop_mine</Ware>
    <Ware>spe_unit_marine_mk1</Ware>
    <Ware>spe_unit_marine_mk2</Ware>
    <Ware>spe_unit_marine_mk3</Ware>-->
  </Wares>
  <Drones>
    <Drone>units_size_drone_attackdrone_impulse_mk1_macro</Drone>
    <Drone>units_size_drone_attackdrone_impulse_mk2_macro</Drone>
    <Drone>units_size_drone_attackdrone_plasma_mk1_macro</Drone>
    <Drone>units_size_drone_attackdrone_plasma_mk2_macro</Drone>
    <Drone>units_size_drone_liquid_collector_mk1_macro</Drone>
    <Drone>units_size_drone_liquid_collector_mk2_macro</Drone>
    <Drone>units_size_drone_liquid_collector_mk3_macro</Drone>
    <Drone>units_size_drone_missiledrone_dumbfire_mk1_macro</Drone>
    <Drone>units_size_drone_missiledrone_dumbfire_mk2_macro</Drone>
    <Drone>units_size_drone_rubble_collector_mk1_macro</Drone>
    <Drone>units_size_drone_rubble_collector_mk2_macro</Drone>
    <Drone>units_size_drone_rubble_collector_mk3_macro</Drone>
    <Drone>units_size_drone_swarm_light_defense_drone_mk1_macro</Drone>
    <Drone>units_size_drone_swarm_light_defense_drone_mk2_macro</Drone>
    <Drone>units_size_drone_swarm_shield_drone_macro</Drone>
    <Drone>units_size_xs_wardrone_macro</Drone>
    <Drone>units_size_xs_welder_drone_macro</Drone>
    <Drone>units_size_xs_transp_empty_macro</Drone>
  </Drones>
</Context>